INSERT INTO entidades (id, nombre, tipo, alias, estado, nivel_acceso, observaciones) VALUES
(1, 'Saltarina', 'caprino', NULL, 'activo', 'alto', 'Actividad irregular registrada. Comportamiento no completamente alineado con el resto del sistema.'),
(2, 'Bola', 'felino', NULL, 'aislado', 'medio', 'Módulo auxiliar felino. Sin rastro de comportamiento hostil.'),
(3, 'Venus', 'felino', NULL, 'aislado', 'medio', 'Módulo auxiliar felino. Asociado al protocolo BOVE.'),
(4, 'Entidad desconocida', 'desconocido', NULL, 'observado', 'alto', 'Firma parcial no resuelta en el núcleo.'),
(5, 'Bethsabet', 'humano', NULL, 'activo', 'medio', 'Accesos frecuentes al MODULO_AFECTIVO con prioridad alta.'),
(6, 'Mario', 'humano', NULL, 'activo', 'bajo', 'Accesos familiares normales.'),
(7, 'Yered', 'humano', NULL, 'activo', 'bajo', 'Sin actividad anómala.'),
(8, 'Hades', 'humano', NULL, 'activo', 'bajo', 'Sin actividad crítica.'),
(9, 'Leire', 'humano', NULL, 'activo', 'bajo', 'Sin actividad crítica.'),
(10, 'Tito Julio', 'humano', NULL, 'activo', 'bajo', 'Registro familiar estable.'),
(11, 'Abuela Sole', 'humano', NULL, 'activo', 'bajo', 'Nivel de confianza elevado.'),
(12, 'Sombra', 'canino', NULL, 'activo', 'ninguno', 'Patrón canino. Sin acceso técnico válido.'),
(13, 'Luz', 'canino', NULL, 'activo', 'ninguno', 'Patrón canino. Sin acceso técnico válido.'),
(14, 'Gus', 'humano', 'Nini', 'activo', 'root', 'Sujeto principal del sistema. Alias parental detectado: Nini.'),
(15, 'Gus', 'humano', 'Gus Gus', 'activo', 'root', 'Alias afectivo con coincidencia roedor de soporte táctico.');

INSERT INTO modulos (id, nombre_modulo, criticidad, estado_actual, descripcion) VALUES
(1, 'PROTOCOLO_GUS', 'critica', 'bloqueado', 'Objetivo principal del sistema.'),
(2, 'NUCLEO', 'critica', 'inestable', 'Sistema central comprometido.'),
(3, 'BOVE', 'alta', 'desactivado', 'Defensa auxiliar compuesta por Bola + Venus.'),
(4, 'MODULO_AFECTIVO', 'alta', 'estable', 'Submódulo asociado a vínculos emocionales prioritarios.'),
(5, 'ARCHIVO_RECUERDOS', 'media', 'estable', 'Repositorio de recuerdos y eventos compartidos.'),
(6, 'CONTROL_EDAD_30', 'alta', 'alterado', 'Módulo de progresión al evento 30.'),
(7, 'GESTOR_IDENTIDAD', 'media', 'estable', 'Gestión de nombres, alias y variaciones del sujeto.'),
(8, 'MOTOR_DESTINO', 'media', 'estable', 'Subrutina de decisiones vitales y rutas principales.'),
(9, 'INVENTARIO_CAFE', 'baja', 'estable', 'Reserva estratégica para estabilidad operativa.'),
(10, 'MODULO_AVENTURA', 'media', 'estable', 'Subrutina asociada a exploración y reliquias.'),
(11, 'REGISTRO_FAMILIAR', 'media', 'estable', 'Vínculos familiares y entorno cercano.'),
(12, 'CRONOLOGIA_VITAL', 'alta', 'alterado', 'Línea temporal del sujeto y aproximación al evento 30.');

INSERT INTO registros_acceso (id, entidad_id, modulo_id, fecha_hora, accion, resultado) VALUES
(1, 2, 3, '2026-07-02 17:10:00', 'lectura', 'permitido'),
(2, 3, 3, '2026-07-02 17:11:00', 'lectura', 'permitido'),
(3, 2, 2, '2026-07-02 17:12:00', 'login', 'denegado'),
(4, 3, 2, '2026-07-02 17:12:30', 'login', 'denegado'),
(5, 1, 3, '2026-07-02 17:13:10', 'desactivacion', 'anomalo'),
(6, 1, 2, '2026-07-02 17:13:40', 'inspeccion', 'permitido'),
(7, 1, 6, '2026-07-02 17:14:10', 'lectura', 'permitido'),
(8, 1, 12, '2026-07-02 17:14:40', 'lectura', 'permitido'),
(9, 5, 4, '2026-07-02 18:01:00', 'lectura', 'permitido'),
(10, 5, 5, '2026-07-02 18:03:00', 'lectura', 'permitido'),
(11, 14, 1, '2026-07-02 18:10:00', 'login', 'denegado'),
(12, 15, 7, '2026-07-02 18:11:00', 'lectura', 'permitido'),
(13, 6, 11, '2026-07-02 18:12:00', 'lectura', 'permitido'),
(14, 7, 11, '2026-07-02 18:13:00', 'lectura', 'permitido'),
(15, 8, 10, '2026-07-02 18:14:00', 'lectura', 'permitido'),
(16, 9, 11, '2026-07-02 18:15:00', 'lectura', 'permitido'),
(17, 10, 11, '2026-07-02 18:16:00', 'lectura', 'permitido'),
(18, 11, 11, '2026-07-02 18:17:00', 'lectura', 'permitido'),
(19, 12, 9, '2026-07-02 18:18:00', 'lectura', 'denegado'),
(20, 13, 9, '2026-07-02 18:19:00', 'lectura', 'denegado'),
(21, 4, 2, '2026-07-02 17:13:50', 'login', 'parcial'),
(22, 4, 1, '2026-07-02 17:15:00', 'login', 'denegado'),
(23, 1, 1, '2026-07-02 17:15:30', 'inspeccion', 'parcial'),
(24, 1, 10, '2026-07-02 17:16:00', 'lectura', 'permitido'),
(25, 1, 9, '2026-07-02 17:16:20', 'lectura', 'permitido'),
(26, 4, 6, '2026-07-02 17:18:10', 'lectura', 'parcial'),
(27, 4, 12, '2026-07-02 17:18:30', 'inspeccion', 'parcial'),
(28, 5, 4, '2026-07-02 17:20:00', 'escritura', 'permitido'),
(29, 5, 5, '2026-07-02 17:20:30', 'lectura', 'permitido'),
(30, 2, 2, '2026-07-02 17:05:00', 'lectura', 'permitido'),
(31, 3, 2, '2026-07-02 17:06:00', 'lectura', 'permitido'),
(32, 4, 1, '2026-07-02 17:12:50', 'login', 'parcial'),
(33, 4, 2, '2026-07-02 17:13:00', 'escritura', 'parcial'),
(34, 4, 6, '2026-07-02 17:13:20', 'lectura', 'parcial'),
(35, 4, 12, '2026-07-02 17:13:30', 'inspeccion', 'parcial');

INSERT INTO modificaciones (id, entidad_id, modulo_id, campo_modificado, valor_anterior, valor_nuevo, nivel_anomalia, fecha_hora) VALUES
(1, 1, 3, 'estado_actual', 'activo', 'desactivado', 'alta', '2026-07-02 17:13:12'),
(2, 1, 6, 'contador', '29', '29.999', 'media', '2026-07-02 17:14:20'),
(3, 1, 12, 'sincronizacion', 'estable', 'erratica', 'alta', '2026-07-02 17:14:45'),
(4, 4, 2, 'integridad', 'estable', 'inestable', 'alta', '2026-07-02 17:13:55'),
(5, 2, 3, 'ultimo_ping', 'ok', 'ok', 'baja', '2026-07-02 17:10:20'),
(6, 3, 3, 'ultimo_ping', 'ok', 'ok', 'baja', '2026-07-02 17:11:20'),
(7, 5, 4, 'prioridad', 'alta', 'alta', 'baja', '2026-07-02 18:01:30'),
(8, 1, 1, 'nivel_restriccion', 'medio', 'alto', 'alta', '2026-07-02 17:15:40'),
(9, 1, 7, 'alias_primario', 'Gus', 'Nini', 'media', '2026-07-02 17:16:50'),
(10, 1, 10, 'modo_exploracion', 'estable', 'aventura', 'baja', '2026-07-02 17:17:10'),
(11, 14, 7, 'alias_secundario', 'Gus', 'Nini', 'media', '2026-07-02 17:18:50'),
(12, 15, 7, 'alias_afectivo', 'Gus', 'Gus Gus', 'media', '2026-07-02 17:19:05'),
(13, 5, 4, 'prioridad_afectiva', 'alta', 'critica', 'baja', '2026-07-02 17:20:10'),
(14, 6, 2, 'configuracion_ui', 'oscuro', 'oscuro', 'baja', '2026-07-02 17:07:00'),
(15, 4, 1, 'nivel_restriccion', 'bajo', 'alto', 'alta', '2026-07-02 17:12:55'),
(16, 4, 2, 'integridad', 'estable', 'inestable', 'alta', '2026-07-02 17:13:05'),
(17, 1, 3, 'estado_actual', 'activo', 'desactivado', 'alta', '2026-07-02 17:13:12'),
(18, 1, 6, 'contador_evento', '29', '29.999', 'media', '2026-07-02 17:14:20'),
(19, 1, 12, 'sincronizacion', 'estable', 'erratica', 'alta', '2026-07-02 17:14:45');

INSERT INTO incidentes (id, codigo_incidente, modulo_id, descripcion, patron_detectado, clasificacion, fecha_hora) VALUES
(1, 'INC-001', 2, 'Se detectan saltos no deterministas en el núcleo.', 'caotico', 'critico', '2026-07-02 17:13:58'),
(2, 'INC-002', 3, 'BOVE desactivado desde origen no felino.', 'caotico', 'critico', '2026-07-02 17:13:15'),
(3, 'INC-003', 6, 'Incremento irregular en proximidad al evento 30.', 'anomalo', 'relevante', '2026-07-02 17:14:25'),
(4, 'INC-004', 4, 'Actividad afectiva alta sin alteración dañina.', 'emocional', 'menor', '2026-07-02 18:01:10'),
(5, 'INC-005', 10, 'Se detecta inclinación hacia reliquias y exploración.', 'aventura', 'menor', '2026-07-02 17:16:10'),
(6, 'INC-006', 12, 'Cronología vital con oscilaciones impredecibles.', 'caotico', 'relevante', '2026-07-02 17:14:50'),
(7, 'INC-007', 7, 'Alias alternativos registrados en exceso.', 'anomalo', 'menor', '2026-07-02 17:16:55'),
(8, 'INC-008', 9, 'Consumo estimado de café dentro de parámetros aceptables.', 'estable', 'menor', '2026-07-02 17:18:40'),
(9, 'INC-009', 10, 'Tendencia estratégica prolongada incompatible con improvisación.', 'estrategico', 'menor', '2026-07-02 17:19:10'),
(10, 'INC-010', 7, 'El sistema detecta múltiples alias del sujeto principal en menos de 20 segundos.', 'anomalo', 'menor', '2026-07-02 17:19:10'),
(11, 'INC-011', 1, 'Bloqueo del PROTOCOLO_GUS precedido por actividad parcial desconocida.', 'anomalo', 'relevante', '2026-07-02 17:13:08'),
(12, 'INC-012', 3, 'Desactivación de BOVE registrada segundos después de una secuencia de saltos erráticos.', 'caotico', 'critico', '2026-07-02 17:13:14'),
(13, 'INC-013', 12, 'La cronología vital oscila tras intervención directa de patrón caprino.', 'caotico', 'critico', '2026-07-02 17:14:48'),
(14, 'INC-014', 2, 'Firma desconocida detectada en el núcleo, sin confirmación de escritura efectiva.', 'anomalo', 'relevante', '2026-07-02 17:13:06'),
(15, 'INC-015', 3, 'BOVE no fue desactivado por firma desconocida. El origen registrado corresponde a patrón errático no humano ni felino.', 'caotico', 'critico', '2026-07-02 17:13:16');

INSERT INTO evidencias (id, titulo, descripcion, entidad_relacionada_id, nivel_confianza, origen, fecha_hora) VALUES
(1, 'Rastro compatible con pezuña no digitalizada', 'La firma registrada no coincide con procesos humanos ni felinos.', 1, 'alto', 'auditoria', '2026-07-02 17:15:10'),
(2, 'Módulos felinos descartados', 'Bola y Venus aparecen como apoyo aislado, no como origen del incidente.', 2, 'alto', 'modulo_bove', '2026-07-02 17:15:20'),
(3, 'Módulos felinos descartados II', 'Venus figura desconectada externamente y sin rastro hostil.', 3, 'alto', 'modulo_bove', '2026-07-02 17:15:25'),
(4, 'Patrón no malicioso pero disruptivo', 'No se detecta intención destructiva; sí alteración del orden esperado.', 1, 'medio', 'correlacion', '2026-07-02 17:15:45'),
(5, 'Coincidencia con alias parental', 'GESTOR_IDENTIDAD muestra coexistencia entre Gus y Nini.', 14, 'medio', 'registro', '2026-07-02 17:17:00'),
(6, 'Coincidencia con soporte roedor', 'Se detecta alias alternativo Gus Gus con valor afectivo elevado.', 15, 'medio', 'registro', '2026-07-02 17:17:05'),
(7, 'Acceso prioritario al módulo afectivo', 'Bethsabet mantiene interacción limpia y estable con MODULO_AFECTIVO.', 5, 'alto', 'registro', '2026-07-02 18:01:20'),
(8, 'Tendencia arqueológica detectada', 'MODULO_AVENTURA conserva referencias a exploración y reliquias.', NULL, 'bajo', 'correlacion', '2026-07-02 17:16:15'),
(9, 'Planificación de gran estrategia', 'Se detecta patrón prolongado compatible con campañas de expansión paciente.', NULL, 'bajo', 'correlacion', '2026-07-02 17:19:20'),
(10, 'Entidad con acceso anómalo a módulos críticos', 'La entidad vinculada muestra accesos no convencionales al NUCLEO, BOVE y CONTROL_EDAD_30.', 1, 'alto', 'auditoria', '2026-07-02 17:20:00'),
(11, 'Firma desconocida en módulos alterados', 'Se detecta una firma parcial asociada a eventos del CONTROL_EDAD_30 y CRONOLOGIA_VITAL.', 4, 'medio', 'auditoria', '2026-07-02 17:21:00'),
(12, 'Intervención afectiva autorizada', 'La actividad de Bethsabet modifica prioridades afectivas, pero no toca módulos críticos del núcleo.', 5, 'alto', 'auditoria', '2026-07-02 17:21:30'),
(13, 'Firma residual de origen desconocido', 'La firma aparece en módulos críticos, pero no ejecuta acciones completas. Podría ser una máscara, eco o residuo de otra entidad.', 4, 'medio', 'correlacion', '2026-07-02 17:21:45'),
(14, 'Actividad parcial sin patrón propio', 'La entidad desconocida aparece cerca del incidente, pero sus eventos son parciales y no muestran patrón caótico consistente.', 4, 'medio', 'auditoria', '2026-07-02 17:22:00'),
(15, 'Secuencia temporal incompatible con culpable único desconocido', 'La entidad desconocida aparece antes del bloqueo, pero la desactivación de BOVE y la alteración de cronología ocurren después y coinciden con Saltarina.', 1, 'alto', 'linea_temporal', '2026-07-02 17:22:30'),
(16, 'Contradicción de origen', 'Los registros iniciales apuntan a una firma desconocida, pero las modificaciones efectivas se asocian a una entidad con patrón caótico identificado.', 1, 'alto', 'correlacion', '2026-07-02 17:23:00'),
(17, 'BOVE descarta origen felino y firma parcial', 'BOLA y VENUS estaban aislados. La firma desconocida no completó la desactivación. El cambio efectivo procede de Saltarina.', 1, 'alto', 'modulo_bove', '2026-07-02 17:23:20');